Account Address,Registered Name,Reward Point Coin Balance,ETH Balance
0x0Ba99e492285319E0A6B1a39af5EE47BAaDD80ad,,0.000000,0.000000
0x11a94a4ecB90a29B68F2C104d38eE67502322f63,,0.000000,0.000000
0x1e5e86De551614f37534a89FD6D67A4b097169dd,,0.000000,0.000000
0x33a3Fe2d88637A4DDD47f7b158f8e799Df1d16f3,,0.000000,100.000000
0x43940a701FBf627EbD1f48A47f4F4cb69c3cF4c2,,0.000000,0.000000
0x4D0C04BD058EE056E4eb86731c3Aa6Dc5EE8f91D,,0.000000,0.000000
0x501A6e964A44113cE576cF8aab395626CD321a83,,0.000000,100.000000
0x50BC7641fEB5Ef52573F01e1892E96a2F2268D0e,,0.000000,0.000000
0x55c3f0b5E57E8dBfB06e915Ee8eCF6f159FC7a1a,,1000.000000,99.999998
0x5cF3C13b2e580579abf0e6b2Bfd7FB1762cF2f65,,1000.000000,100.000000
0x8143d6687188F608164A85e63f4e843FCA5F72a2,,0.000000,0.000000
0x84D6A8182fD0aA7f9217D45ad0676ca172FC8e24,,1000.000000,100.000000
0x87D21EDd234Ff09F2E229B277513bFB1441191D4,,0.000000,0.000000
0x9d96e198dc7104084D3cbC5a1b6B83399734126D,,0.000000,0.000000
0xAf9A927FBB3a9a0e60c1C722b87d1d1dF34030dA,,0.000000,0.000000
0xB6f873105b4A7f0acc8ECdA526942ea1D07ED4cE,,1000.000000,100.000000
0xBAE12baF7Eb067A48094e49c264b596194BdbF1F,,0.000000,0.000000
0xE7FC66Ab35aFaDEdC01e3741446B5098B47F214b,,0.000000,0.000000
0xF38326ea84e14da61781b4bb8a946BEAb645932f,,0.000000,100.000000
0xFD383adE0F4ece12305B13119B405cAd8B728334,,0.000000,100.000000
0xbB80EAC0697DdB24a06fc8fa1E6b529717Bc601d,,1000.000000,100.000000
0xbD2Ac7979579787395C221Aa8476C909C67472F9,,0.000000,0.000000
0xbD789Ba015F84Bd7d2Bd92BaAf74bb1Fe5acd3be,,0.000000,0.000000
0xd4a256C1d695D2e5Eb4cB9022597C4F302431df1,,0.000000,0.000000
0xe8887a51DFedc58f8a5E43EF0C8C8505354506Cd,,100000.000000,99.989150
0xff471e0E044Eb81BAFc117c09Ad5D022dF7e7472,,0.000000,0.000000
